Action,org:resource,concept:name,EventOrigin,EventID,lifecycle:transition,time:timestamp,case:LoanGoal,case:ApplicationType,case:concept:name,case:RequestedAmount,strain_time_difference,FirstWithdrawalAmount,NumberOfTerms,Accepted,MonthlyCost,Selected,CreditScore,OfferedAmount,OfferID
,User_1,A_Create Application,Application,1,start,2016-01-04 09:00:00.000000,"Other, see explanation",New credit,0,0.0,0 days,,,,,,,,
,User_10,A_Create Application,Application,4,start,2016-01-04 09:00:00.045491,Home improvement,New credit,1,0.0,0 days,,,,,,,,
,User_1,A_Create Application,Application,3,complete,2016-01-04 09:00:01.000000,"Other, see explanation",New credit,0,0.0,0 days,,,,,,,,
,User_100,A_Concept,Application,7,start,2016-01-04 09:00:01.000000,"Other, see explanation",New credit,0,0.0,0 days,,,,,,,,
,User_10,A_Create Application,Application,6,complete,2016-01-04 09:00:01.045491,Home improvement,New credit,1,0.0,0 days,,,,,,,,
,User_102,W_Handle leads,Application,9,start,2016-01-04 09:00:01.045491,Home improvement,New credit,1,0.0,0 days,,,,,,,,
,User_100,A_Concept,Application,8,complete,2016-01-04 09:00:02.000000,"Other, see explanation",New credit,0,0.0,0 days,,,,,,,,
,User_101,A_Accepted,Application,11,start,2016-01-04 09:00:02.000000,"Other, see explanation",New credit,0,0.0,0 days,,,,,,,,
,User_102,W_Handle leads,Application,10,complete,2016-01-04 09:00:02.045491,Home improvement,New credit,1,0.0,0 days,,,,,,,,
,User_104,A_Concept,Application,13,start,2016-01-04 09:00:02.045491,Home improvement,New credit,1,0.0,0 days,,,,,,,,
,User_101,A_Accepted,Application,12,complete,2016-01-04 09:00:03.000000,"Other, see explanation",New credit,0,0.0,0 days,,,,,,,,
,User_106,O_Create Offer,Application,15,start,2016-01-04 09:00:03.000000,"Other, see explanation",New credit,0,0.0,0 days,,,,,,,,
,User_104,A_Concept,Application,14,complete,2016-01-04 09:00:03.045491,Home improvement,New credit,1,0.0,0 days,,,,,,,,
,User_107,A_Accepted,Application,17,start,2016-01-04 09:00:03.045491,Home improvement,New credit,1,0.0,0 days,,,,,,,,
,User_106,O_Create Offer,Application,16,complete,2016-01-04 09:00:04.000000,"Other, see explanation",New credit,0,0.0,0 days,,,,,,,,
,User_109,O_Created,Application,19,start,2016-01-04 09:00:04.000000,"Other, see explanation",New credit,0,0.0,0 days,,,,,,,,
,User_107,A_Accepted,Application,18,complete,2016-01-04 09:00:04.045491,Home improvement,New credit,1,0.0,0 days,,,,,,,,
,User_11,W_Complete application,Application,21,start,2016-01-04 09:00:04.045491,Home improvement,New credit,1,0.0,0 days,,,,,,,,
,User_109,O_Created,Application,20,complete,2016-01-04 09:00:05.000000,"Other, see explanation",New credit,0,0.0,0 days,,,,,,,,
,User_112,O_Sent (mail and online),Application,23,start,2016-01-04 09:00:05.000000,"Other, see explanation",New credit,0,0.0,0 days,,,,,,,,
,User_11,W_Complete application,Application,22,complete,2016-01-04 09:00:05.045491,Home improvement,New credit,1,0.0,0 days,,,,,,,,
,User_113,O_Sent (mail and online),Application,25,start,2016-01-04 09:00:05.045491,Home improvement,New credit,1,0.0,0 days,,,,,,,,
,User_112,O_Sent (mail and online),Application,24,complete,2016-01-04 09:00:06.000000,"Other, see explanation",New credit,0,0.0,0 days,,,,,,,,
,User_115,A_Complete,Application,27,start,2016-01-04 09:00:06.000000,"Other, see explanation",New credit,0,0.0,0 days,,,,,,,,
,User_113,O_Sent (mail and online),Application,26,complete,2016-01-04 09:00:06.045491,Home improvement,New credit,1,0.0,0 days,,,,,,,,
,User_116,O_Sent (mail and online),Application,29,start,2016-01-04 09:00:06.045491,Home improvement,New credit,1,0.0,0 days,,,,,,,,
,User_115,A_Complete,Application,28,complete,2016-01-04 09:00:07.000000,"Other, see explanation",New credit,0,0.0,0 days,,,,,,,,
,User_117,W_Complete application,Application,31,start,2016-01-04 09:00:07.000000,"Other, see explanation",New credit,0,0.0,0 days,,,,,,,,
,User_116,O_Sent (mail and online),Application,30,complete,2016-01-04 09:00:07.045491,Home improvement,New credit,1,0.0,0 days,,,,,,,,
,User_118,O_Sent (mail and online),Application,33,start,2016-01-04 09:00:07.045491,Home improvement,New credit,1,0.0,0 days,,,,,,,,
,User_117,W_Complete application,Application,32,complete,2016-01-04 09:00:08.000000,"Other, see explanation",New credit,0,0.0,0 days,,,,,,,,
,User_119,O_Sent (mail and online),Application,35,start,2016-01-04 09:00:08.000000,"Other, see explanation",New credit,0,0.0,0 days,,,,,,,,
,User_118,O_Sent (mail and online),Application,34,complete,2016-01-04 09:00:08.045491,Home improvement,New credit,1,0.0,0 days,,,,,,,,
,User_12,O_Sent (mail and online),Application,37,start,2016-01-04 09:00:08.045491,Home improvement,New credit,1,0.0,0 days,,,,,,,,
,User_119,O_Sent (mail and online),Application,36,complete,2016-01-04 09:00:09.000000,"Other, see explanation",New credit,0,0.0,0 days,,,,,,,,
,User_120,A_Complete,Application,39,start,2016-01-04 09:00:09.000000,"Other, see explanation",New credit,0,0.0,0 days,,,,,,,,
,User_12,O_Sent (mail and online),Application,38,complete,2016-01-04 09:00:09.045491,Home improvement,New credit,1,0.0,0 days,,,,,,,,
,User_121,A_Complete,Application,41,start,2016-01-04 09:00:09.045491,Home improvement,New credit,1,0.0,0 days,,,,,,,,
,User_120,A_Complete,Application,40,complete,2016-01-04 09:00:10.000000,"Other, see explanation",New credit,0,0.0,0 days,,,,,,,,
,User_122,W_Complete application,Application,43,start,2016-01-04 09:00:10.000000,"Other, see explanation",New credit,0,0.0,0 days,,,,,,,,
,User_121,A_Complete,Application,42,complete,2016-01-04 09:00:10.045491,Home improvement,New credit,1,0.0,0 days,,,,,,,,
,User_123,A_Cancelled,Application,45,start,2016-01-04 09:00:10.045491,Home improvement,New credit,1,0.0,0 days,,,,,,,,
,User_122,W_Complete application,Application,44,complete,2016-01-04 09:00:11.000000,"Other, see explanation",New credit,0,0.0,0 days,,,,,,,,
,User_124,O_Sent (mail and online),Application,47,start,2016-01-04 09:00:11.000000,"Other, see explanation",New credit,0,0.0,0 days,,,,,,,,
,User_123,A_Cancelled,Application,46,complete,2016-01-04 09:00:11.045491,Home improvement,New credit,1,0.0,0 days,,,,,,,,
,User_125,O_Cancelled,Application,49,start,2016-01-04 09:00:11.045491,Home improvement,New credit,1,0.0,0 days,,,,,,,,
,User_124,O_Sent (mail and online),Application,48,complete,2016-01-04 09:00:12.000000,"Other, see explanation",New credit,0,0.0,0 days,,,,,,,,
,User_126,O_Sent (mail and online),Application,51,start,2016-01-04 09:00:12.000000,"Other, see explanation",New credit,0,0.0,0 days,,,,,,,,
,User_125,O_Cancelled,Application,50,complete,2016-01-04 09:00:12.045491,Home improvement,New credit,1,0.0,0 days,,,,,,,,
,User_126,O_Sent (mail and online),Application,52,complete,2016-01-04 09:00:13.000000,"Other, see explanation",New credit,0,0.0,0 days,,,,,,,,
,User_127,O_Sent (mail and online),Application,53,start,2016-01-04 09:00:13.000000,"Other, see explanation",New credit,0,0.0,0 days,,,,,,,,
,User_127,O_Sent (mail and online),Application,54,complete,2016-01-04 09:00:14.000000,"Other, see explanation",New credit,0,0.0,0 days,,,,,,,,
,User_129,A_Complete,Application,55,start,2016-01-04 09:00:14.000000,"Other, see explanation",New credit,0,0.0,0 days,,,,,,,,
,User_129,A_Complete,Application,56,complete,2016-01-04 09:00:15.000000,"Other, see explanation",New credit,0,0.0,0 days,,,,,,,,
,User_13,W_Complete application,Application,57,start,2016-01-04 09:00:15.000000,"Other, see explanation",New credit,0,0.0,0 days,,,,,,,,
,User_13,W_Complete application,Application,58,complete,2016-01-04 09:00:16.000000,"Other, see explanation",New credit,0,0.0,0 days,,,,,,,,
,User_130,O_Sent (mail and online),Application,59,start,2016-01-04 09:00:16.000000,"Other, see explanation",New credit,0,0.0,0 days,,,,,,,,
,User_130,O_Sent (mail and online),Application,60,complete,2016-01-04 09:00:17.000000,"Other, see explanation",New credit,0,0.0,0 days,,,,,,,,
,User_131,O_Sent (mail and online),Application,61,start,2016-01-04 09:00:17.000000,"Other, see explanation",New credit,0,0.0,0 days,,,,,,,,
,User_131,O_Sent (mail and online),Application,62,complete,2016-01-04 09:00:18.000000,"Other, see explanation",New credit,0,0.0,0 days,,,,,,,,
,User_132,A_Complete,Application,63,start,2016-01-04 09:00:18.000000,"Other, see explanation",New credit,0,0.0,0 days,,,,,,,,
,User_132,A_Complete,Application,64,complete,2016-01-04 09:00:19.000000,"Other, see explanation",New credit,0,0.0,0 days,,,,,,,,
,User_134,A_Cancelled,Application,65,start,2016-01-04 09:00:19.000000,"Other, see explanation",New credit,0,0.0,0 days,,,,,,,,
,User_134,A_Cancelled,Application,66,complete,2016-01-04 09:00:20.000000,"Other, see explanation",New credit,0,0.0,0 days,,,,,,,,
,User_133,O_Cancelled,Application,67,start,2016-01-04 09:00:20.000000,"Other, see explanation",New credit,0,0.0,0 days,,,,,,,,
,User_133,O_Cancelled,Application,68,complete,2016-01-04 09:00:21.000000,"Other, see explanation",New credit,0,0.0,0 days,,,,,,,,
,User_137,A_Create Application,Application,69,start,2016-01-04 09:00:38.577371,Car,New credit,2,0.0,0 days,,,,,,,,
,User_137,A_Create Application,Application,71,complete,2016-01-04 09:00:39.577371,Car,New credit,2,0.0,0 days,,,,,,,,
,User_1,A_Submitted,Application,72,start,2016-01-04 09:00:39.577371,Car,New credit,2,0.0,0 days,,,,,,,,
,User_1,A_Submitted,Application,73,complete,2016-01-04 09:00:40.577371,Car,New credit,2,0.0,0 days,,,,,,,,
,User_138,A_Concept,Application,74,start,2016-01-04 09:00:40.577371,Car,New credit,2,0.0,0 days,,,,,,,,
,User_138,A_Concept,Application,75,complete,2016-01-04 09:00:41.577371,Car,New credit,2,0.0,0 days,,,,,,,,
,User_139,A_Accepted,Application,76,start,2016-01-04 09:00:41.577371,Car,New credit,2,0.0,0 days,,,,,,,,
,User_139,A_Accepted,Application,77,complete,2016-01-04 09:00:42.577371,Car,New credit,2,0.0,0 days,,,,,,,,
,User_14,O_Create Offer,Application,78,start,2016-01-04 09:00:42.577371,Car,New credit,2,0.0,0 days,,,,,,,,
,User_14,O_Create Offer,Application,79,complete,2016-01-04 09:00:43.577371,Car,New credit,2,0.0,0 days,,,,,,,,
,User_143,O_Created,Application,80,start,2016-01-04 09:00:43.577371,Car,New credit,2,0.0,0 days,,,,,,,,
,User_143,O_Created,Application,81,complete,2016-01-04 09:00:44.577371,Car,New credit,2,0.0,0 days,,,,,,,,
,User_144,O_Sent (mail and online),Application,82,start,2016-01-04 09:00:44.577371,Car,New credit,2,0.0,0 days,,,,,,,,
,User_144,O_Sent (mail and online),Application,83,complete,2016-01-04 09:00:45.577371,Car,New credit,2,0.0,0 days,,,,,,,,
,User_15,A_Complete,Application,84,start,2016-01-04 09:00:45.577371,Car,New credit,2,0.0,0 days,,,,,,,,
,User_15,A_Complete,Application,85,complete,2016-01-04 09:00:46.577371,Car,New credit,2,0.0,0 days,,,,,,,,
,User_16,A_Cancelled,Application,86,start,2016-01-04 09:00:46.577371,Car,New credit,2,0.0,0 days,,,,,,,,
,User_16,A_Cancelled,Application,87,complete,2016-01-04 09:00:47.577371,Car,New credit,2,0.0,0 days,,,,,,,,
,User_18,O_Cancelled,Application,88,start,2016-01-04 09:00:47.577371,Car,New credit,2,0.0,0 days,,,,,,,,
,User_18,O_Cancelled,Application,89,complete,2016-01-04 09:00:48.577371,Car,New credit,2,0.0,0 days,,,,,,,,
,User_19,A_Create Application,Application,90,start,2016-01-04 09:02:00.551638,Existing loan takeover,New credit,3,0.0,0 days,,,,,,,,
,User_19,A_Create Application,Application,92,complete,2016-01-04 09:02:01.551638,Existing loan takeover,New credit,3,0.0,0 days,,,,,,,,
,User_1,A_Submitted,Application,93,start,2016-01-04 09:02:01.551638,Existing loan takeover,New credit,3,0.0,0 days,,,,,,,,
,User_1,A_Submitted,Application,94,complete,2016-01-04 09:02:02.551638,Existing loan takeover,New credit,3,0.0,0 days,,,,,,,,
,User_2,A_Concept,Application,95,start,2016-01-04 09:02:02.551638,Existing loan takeover,New credit,3,0.0,0 days,,,,,,,,
,User_2,A_Concept,Application,96,complete,2016-01-04 09:02:03.551638,Existing loan takeover,New credit,3,0.0,0 days,,,,,,,,
,User_20,A_Accepted,Application,97,start,2016-01-04 09:02:03.551638,Existing loan takeover,New credit,3,0.0,0 days,,,,,,,,
,User_20,A_Accepted,Application,98,complete,2016-01-04 09:02:04.551638,Existing loan takeover,New credit,3,0.0,0 days,,,,,,,,
,User_146,W_Complete application,Application,99,start,2016-01-04 09:02:04.551638,Existing loan takeover,New credit,3,0.0,0 days,,,,,,,,
,User_146,W_Complete application,Application,100,complete,2016-01-04 09:02:05.551638,Existing loan takeover,New credit,3,0.0,0 days,,,,,,,,
,User_21,O_Sent (mail and online),Application,101,start,2016-01-04 09:02:05.551638,Existing loan takeover,New credit,3,0.0,0 days,,,,,,,,
,User_21,O_Sent (mail and online),Application,102,complete,2016-01-04 09:02:06.551638,Existing loan takeover,New credit,3,0.0,0 days,,,,,,,,
,User_22,A_Complete,Application,103,start,2016-01-04 09:02:06.551638,Existing loan takeover,New credit,3,0.0,0 days,,,,,,,,
,User_22,A_Complete,Application,104,complete,2016-01-04 09:02:07.551638,Existing loan takeover,New credit,3,0.0,0 days,,,,,,,,
,User_23,O_Create Offer,Application,105,start,2016-01-04 09:02:07.551638,Existing loan takeover,New credit,3,0.0,0 days,,,,,,,,
,User_23,O_Create Offer,Application,106,complete,2016-01-04 09:02:08.551638,Existing loan takeover,New credit,3,0.0,0 days,,,,,,,,
,User_25,O_Created,Application,107,start,2016-01-04 09:02:08.551638,Existing loan takeover,New credit,3,0.0,0 days,,,,,,,,
,User_25,O_Created,Application,108,complete,2016-01-04 09:02:09.551638,Existing loan takeover,New credit,3,0.0,0 days,,,,,,,,
,User_26,O_Sent (mail and online),Application,109,start,2016-01-04 09:02:09.551638,Existing loan takeover,New credit,3,0.0,0 days,,,,,,,,
,User_26,O_Sent (mail and online),Application,110,complete,2016-01-04 09:02:10.551638,Existing loan takeover,New credit,3,0.0,0 days,,,,,,,,
,User_27,O_Sent (mail and online),Application,111,start,2016-01-04 09:02:10.551638,Existing loan takeover,New credit,3,0.0,0 days,,,,,,,,
,User_27,O_Sent (mail and online),Application,112,complete,2016-01-04 09:02:11.551638,Existing loan takeover,New credit,3,0.0,0 days,,,,,,,,
,User_28,O_Sent (mail and online),Application,113,start,2016-01-04 09:02:11.551638,Existing loan takeover,New credit,3,0.0,0 days,,,,,,,,
,User_28,O_Sent (mail and online),Application,114,complete,2016-01-04 09:02:12.551638,Existing loan takeover,New credit,3,0.0,0 days,,,,,,,,
,User_29,A_Complete,Application,115,start,2016-01-04 09:02:12.551638,Existing loan takeover,New credit,3,0.0,0 days,,,,,,,,
,User_29,A_Complete,Application,116,complete,2016-01-04 09:02:13.551638,Existing loan takeover,New credit,3,0.0,0 days,,,,,,,,
,User_30,O_Returned,Application,117,start,2016-01-04 09:02:13.551638,Existing loan takeover,New credit,3,0.0,0 days,,,,,,,,
,User_30,O_Returned,Application,118,complete,2016-01-04 09:02:14.551638,Existing loan takeover,New credit,3,0.0,0 days,,,,,,,,
,User_3,A_Validating,Application,119,start,2016-01-04 09:02:14.551638,Existing loan takeover,New credit,3,0.0,0 days,,,,,,,,
,User_3,A_Validating,Application,120,complete,2016-01-04 09:02:15.551638,Existing loan takeover,New credit,3,0.0,0 days,,,,,,,,
,User_31,A_Denied,Application,121,start,2016-01-04 09:02:15.551638,Existing loan takeover,New credit,3,0.0,0 days,,,,,,,,
,User_31,A_Denied,Application,122,complete,2016-01-04 09:02:16.551638,Existing loan takeover,New credit,3,0.0,0 days,,,,,,,,
,User_32,O_Refused,Application,123,start,2016-01-04 09:02:16.551638,Existing loan takeover,New credit,3,0.0,0 days,,,,,,,,
,User_32,O_Refused,Application,124,complete,2016-01-04 09:02:17.551638,Existing loan takeover,New credit,3,0.0,0 days,,,,,,,,
,User_33,A_Create Application,Application,125,start,2016-01-04 09:07:08.364742,Existing loan takeover,New credit,4,0.0,0 days,,,,,,,,
,User_33,A_Create Application,Application,127,complete,2016-01-04 09:07:09.364742,Existing loan takeover,New credit,4,0.0,0 days,,,,,,,,
,User_34,W_Handle leads,Application,128,start,2016-01-04 09:07:09.364742,Existing loan takeover,New credit,4,0.0,0 days,,,,,,,,
,User_34,W_Handle leads,Application,129,complete,2016-01-04 09:07:10.364742,Existing loan takeover,New credit,4,0.0,0 days,,,,,,,,
,User_35,A_Concept,Application,130,start,2016-01-04 09:07:10.364742,Existing loan takeover,New credit,4,0.0,0 days,,,,,,,,
,User_35,A_Concept,Application,131,complete,2016-01-04 09:07:11.364742,Existing loan takeover,New credit,4,0.0,0 days,,,,,,,,
,User_36,A_Accepted,Application,132,start,2016-01-04 09:07:11.364742,Existing loan takeover,New credit,4,0.0,0 days,,,,,,,,
,User_36,A_Accepted,Application,133,complete,2016-01-04 09:07:12.364742,Existing loan takeover,New credit,4,0.0,0 days,,,,,,,,
,User_37,O_Create Offer,Application,134,start,2016-01-04 09:07:12.364742,Existing loan takeover,New credit,4,0.0,0 days,,,,,,,,
,User_37,O_Create Offer,Application,135,complete,2016-01-04 09:07:13.364742,Existing loan takeover,New credit,4,0.0,0 days,,,,,,,,
,User_38,O_Created,Application,136,start,2016-01-04 09:07:13.364742,Existing loan takeover,New credit,4,0.0,0 days,,,,,,,,
,User_38,O_Created,Application,137,complete,2016-01-04 09:07:14.364742,Existing loan takeover,New credit,4,0.0,0 days,,,,,,,,
,User_39,O_Sent (mail and online),Application,138,start,2016-01-04 09:07:14.364742,Existing loan takeover,New credit,4,0.0,0 days,,,,,,,,
,User_39,O_Sent (mail and online),Application,139,complete,2016-01-04 09:07:15.364742,Existing loan takeover,New credit,4,0.0,0 days,,,,,,,,
,User_4,O_Sent (mail and online),Application,140,start,2016-01-04 09:07:15.364742,Existing loan takeover,New credit,4,0.0,0 days,,,,,,,,
,User_4,O_Sent (mail and online),Application,141,complete,2016-01-04 09:07:16.364742,Existing loan takeover,New credit,4,0.0,0 days,,,,,,,,
,User_40,O_Sent (mail and online),Application,142,start,2016-01-04 09:07:16.364742,Existing loan takeover,New credit,4,0.0,0 days,,,,,,,,
,User_40,O_Sent (mail and online),Application,143,complete,2016-01-04 09:07:17.364742,Existing loan takeover,New credit,4,0.0,0 days,,,,,,,,
,User_41,A_Complete,Application,144,start,2016-01-04 09:07:17.364742,Existing loan takeover,New credit,4,0.0,0 days,,,,,,,,
,User_41,A_Complete,Application,145,complete,2016-01-04 09:07:18.364742,Existing loan takeover,New credit,4,0.0,0 days,,,,,,,,
,User_42,W_Complete application,Application,146,start,2016-01-04 09:07:18.364742,Existing loan takeover,New credit,4,0.0,0 days,,,,,,,,
,User_42,W_Complete application,Application,147,complete,2016-01-04 09:07:19.364742,Existing loan takeover,New credit,4,0.0,0 days,,,,,,,,
,User_45,O_Sent (mail and online),Application,148,start,2016-01-04 09:07:19.364742,Existing loan takeover,New credit,4,0.0,0 days,,,,,,,,
,User_45,O_Sent (mail and online),Application,149,complete,2016-01-04 09:07:20.364742,Existing loan takeover,New credit,4,0.0,0 days,,,,,,,,
,User_46,A_Complete,Application,150,start,2016-01-04 09:07:20.364742,Existing loan takeover,New credit,4,0.0,0 days,,,,,,,,
,User_46,A_Complete,Application,151,complete,2016-01-04 09:07:21.364742,Existing loan takeover,New credit,4,0.0,0 days,,,,,,,,
,User_47,O_Create Offer,Application,152,start,2016-01-04 09:07:21.364742,Existing loan takeover,New credit,4,0.0,0 days,,,,,,,,
,User_47,O_Create Offer,Application,153,complete,2016-01-04 09:07:22.364742,Existing loan takeover,New credit,4,0.0,0 days,,,,,,,,
,User_48,O_Created,Application,154,start,2016-01-04 09:07:22.364742,Existing loan takeover,New credit,4,0.0,0 days,,,,,,,,
,User_48,O_Created,Application,155,complete,2016-01-04 09:07:23.364742,Existing loan takeover,New credit,4,0.0,0 days,,,,,,,,
,User_49,O_Sent (mail and online),Application,156,start,2016-01-04 09:07:23.364742,Existing loan takeover,New credit,4,0.0,0 days,,,,,,,,
,User_49,O_Sent (mail and online),Application,157,complete,2016-01-04 09:07:24.364742,Existing loan takeover,New credit,4,0.0,0 days,,,,,,,,
,User_51,O_Sent (mail and online),Application,158,start,2016-01-04 09:07:24.364742,Existing loan takeover,New credit,4,0.0,0 days,,,,,,,,
,User_51,O_Sent (mail and online),Application,159,complete,2016-01-04 09:07:25.364742,Existing loan takeover,New credit,4,0.0,0 days,,,,,,,,
,User_53,A_Complete,Application,160,start,2016-01-04 09:07:25.364742,Existing loan takeover,New credit,4,0.0,0 days,,,,,,,,
,User_53,A_Complete,Application,161,complete,2016-01-04 09:07:26.364742,Existing loan takeover,New credit,4,0.0,0 days,,,,,,,,
,User_54,O_Returned,Application,162,start,2016-01-04 09:07:26.364742,Existing loan takeover,New credit,4,0.0,0 days,,,,,,,,
,User_54,O_Returned,Application,163,complete,2016-01-04 09:07:27.364742,Existing loan takeover,New credit,4,0.0,0 days,,,,,,,,
,User_55,A_Validating,Application,164,start,2016-01-04 09:07:27.364742,Existing loan takeover,New credit,4,0.0,0 days,,,,,,,,
,User_55,A_Validating,Application,165,complete,2016-01-04 09:07:28.364742,Existing loan takeover,New credit,4,0.0,0 days,,,,,,,,
,User_56,O_Accepted,Application,166,start,2016-01-04 09:07:28.364742,Existing loan takeover,New credit,4,0.0,0 days,,,,,,,,
,User_56,O_Accepted,Application,167,complete,2016-01-04 09:07:29.364742,Existing loan takeover,New credit,4,0.0,0 days,,,,,,,,
,User_57,A_Pending,Application,168,start,2016-01-04 09:07:29.364742,Existing loan takeover,New credit,4,0.0,0 days,,,,,,,,
,User_57,A_Pending,Application,169,complete,2016-01-04 09:07:30.364742,Existing loan takeover,New credit,4,0.0,0 days,,,,,,,,
,User_58,A_Create Application,Application,170,start,2016-01-04 09:10:44.457340,Home improvement,New credit,5,0.0,0 days,,,,,,,,
,User_58,A_Create Application,Application,172,complete,2016-01-04 09:10:45.457340,Home improvement,New credit,5,0.0,0 days,,,,,,,,
,User_59,W_Handle leads,Application,173,start,2016-01-04 09:10:45.457340,Home improvement,New credit,5,0.0,0 days,,,,,,,,
,User_59,W_Handle leads,Application,174,complete,2016-01-04 09:10:46.457340,Home improvement,New credit,5,0.0,0 days,,,,,,,,
,User_6,A_Concept,Application,175,start,2016-01-04 09:10:46.457340,Home improvement,New credit,5,0.0,0 days,,,,,,,,
,User_6,A_Concept,Application,176,complete,2016-01-04 09:10:47.457340,Home improvement,New credit,5,0.0,0 days,,,,,,,,
,User_60,A_Accepted,Application,177,start,2016-01-04 09:10:47.457340,Home improvement,New credit,5,0.0,0 days,,,,,,,,
,User_60,A_Accepted,Application,178,complete,2016-01-04 09:10:48.457340,Home improvement,New credit,5,0.0,0 days,,,,,,,,
,User_61,W_Complete application,Application,179,start,2016-01-04 09:10:48.457340,Home improvement,New credit,5,0.0,0 days,,,,,,,,
,User_61,W_Complete application,Application,180,complete,2016-01-04 09:10:49.457340,Home improvement,New credit,5,0.0,0 days,,,,,,,,
,User_63,O_Sent (mail and online),Application,181,start,2016-01-04 09:10:49.457340,Home improvement,New credit,5,0.0,0 days,,,,,,,,
,User_63,O_Sent (mail and online),Application,182,complete,2016-01-04 09:10:50.457340,Home improvement,New credit,5,0.0,0 days,,,,,,,,
,User_64,A_Complete,Application,183,start,2016-01-04 09:10:50.457340,Home improvement,New credit,5,0.0,0 days,,,,,,,,
,User_64,A_Complete,Application,184,complete,2016-01-04 09:10:51.457340,Home improvement,New credit,5,0.0,0 days,,,,,,,,
,User_66,O_Returned,Application,185,start,2016-01-04 09:10:51.457340,Home improvement,New credit,5,0.0,0 days,,,,,,,,
,User_66,O_Returned,Application,186,complete,2016-01-04 09:10:52.457340,Home improvement,New credit,5,0.0,0 days,,,,,,,,
,User_67,A_Validating,Application,187,start,2016-01-04 09:10:52.457340,Home improvement,New credit,5,0.0,0 days,,,,,,,,
,User_67,A_Validating,Application,188,complete,2016-01-04 09:10:53.457340,Home improvement,New credit,5,0.0,0 days,,,,,,,,
,User_68,A_Incomplete,Application,189,start,2016-01-04 09:10:53.457340,Home improvement,New credit,5,0.0,0 days,,,,,,,,
,User_68,A_Incomplete,Application,190,complete,2016-01-04 09:10:54.457340,Home improvement,New credit,5,0.0,0 days,,,,,,,,
,User_69,W_Call incomplete files,Application,191,start,2016-01-04 09:10:54.457340,Home improvement,New credit,5,0.0,0 days,,,,,,,,
,User_69,W_Call incomplete files,Application,192,complete,2016-01-04 09:10:55.457340,Home improvement,New credit,5,0.0,0 days,,,,,,,,
,User_7,W_Validate application,Application,193,start,2016-01-04 09:10:55.457340,Home improvement,New credit,5,0.0,0 days,,,,,,,,
,User_7,W_Validate application,Application,194,complete,2016-01-04 09:10:56.457340,Home improvement,New credit,5,0.0,0 days,,,,,,,,
,User_70,W_Complete application,Application,195,start,2016-01-04 09:10:56.457340,Home improvement,New credit,5,0.0,0 days,,,,,,,,
,User_70,W_Complete application,Application,196,complete,2016-01-04 09:10:57.457340,Home improvement,New credit,5,0.0,0 days,,,,,,,,
,User_71,O_Sent (mail and online),Application,197,start,2016-01-04 09:10:57.457340,Home improvement,New credit,5,0.0,0 days,,,,,,,,
,User_71,O_Sent (mail and online),Application,198,complete,2016-01-04 09:10:58.457340,Home improvement,New credit,5,0.0,0 days,,,,,,,,
,User_72,O_Sent (mail and online),Application,199,start,2016-01-04 09:10:58.457340,Home improvement,New credit,5,0.0,0 days,,,,,,,,
,User_72,O_Sent (mail and online),Application,200,complete,2016-01-04 09:10:59.457340,Home improvement,New credit,5,0.0,0 days,,,,,,,,
,User_73,A_Complete,Application,201,start,2016-01-04 09:10:59.457340,Home improvement,New credit,5,0.0,0 days,,,,,,,,
,User_73,A_Complete,Application,202,complete,2016-01-04 09:11:00.457340,Home improvement,New credit,5,0.0,0 days,,,,,,,,
,User_74,W_Complete application,Application,203,start,2016-01-04 09:11:00.457340,Home improvement,New credit,5,0.0,0 days,,,,,,,,
,User_74,W_Complete application,Application,204,complete,2016-01-04 09:11:01.457340,Home improvement,New credit,5,0.0,0 days,,,,,,,,
,User_75,O_Sent (mail and online),Application,205,start,2016-01-04 09:11:01.457340,Home improvement,New credit,5,0.0,0 days,,,,,,,,
,User_75,O_Sent (mail and online),Application,206,complete,2016-01-04 09:11:02.457340,Home improvement,New credit,5,0.0,0 days,,,,,,,,
,User_77,A_Complete,Application,207,start,2016-01-04 09:11:02.457340,Home improvement,New credit,5,0.0,0 days,,,,,,,,
,User_77,A_Complete,Application,208,complete,2016-01-04 09:11:03.457340,Home improvement,New credit,5,0.0,0 days,,,,,,,,
,User_78,W_Complete application,Application,209,start,2016-01-04 09:11:03.457340,Home improvement,New credit,5,0.0,0 days,,,,,,,,
,User_78,W_Complete application,Application,210,complete,2016-01-04 09:11:04.457340,Home improvement,New credit,5,0.0,0 days,,,,,,,,
,User_79,O_Sent (mail and online),Application,211,start,2016-01-04 09:11:04.457340,Home improvement,New credit,5,0.0,0 days,,,,,,,,
,User_79,O_Sent (mail and online),Application,212,complete,2016-01-04 09:11:05.457340,Home improvement,New credit,5,0.0,0 days,,,,,,,,
,User_8,O_Sent (mail and online),Application,213,start,2016-01-04 09:11:05.457340,Home improvement,New credit,5,0.0,0 days,,,,,,,,
,User_8,O_Sent (mail and online),Application,214,complete,2016-01-04 09:11:06.457340,Home improvement,New credit,5,0.0,0 days,,,,,,,,
,User_80,A_Complete,Application,215,start,2016-01-04 09:11:06.457340,Home improvement,New credit,5,0.0,0 days,,,,,,,,
,User_80,A_Complete,Application,216,complete,2016-01-04 09:11:07.457340,Home improvement,New credit,5,0.0,0 days,,,,,,,,
,User_81,O_Returned,Application,217,start,2016-01-04 09:11:07.457340,Home improvement,New credit,5,0.0,0 days,,,,,,,,
,User_81,O_Returned,Application,218,complete,2016-01-04 09:11:08.457340,Home improvement,New credit,5,0.0,0 days,,,,,,,,
,User_83,A_Validating,Application,219,start,2016-01-04 09:11:08.457340,Home improvement,New credit,5,0.0,0 days,,,,,,,,
,User_83,A_Validating,Application,220,complete,2016-01-04 09:11:09.457340,Home improvement,New credit,5,0.0,0 days,,,,,,,,
,User_85,O_Accepted,Application,221,start,2016-01-04 09:11:09.457340,Home improvement,New credit,5,0.0,0 days,,,,,,,,
,User_85,O_Accepted,Application,222,complete,2016-01-04 09:11:10.457340,Home improvement,New credit,5,0.0,0 days,,,,,,,,
,User_86,A_Pending,Application,223,start,2016-01-04 09:11:10.457340,Home improvement,New credit,5,0.0,0 days,,,,,,,,
,User_86,A_Pending,Application,224,complete,2016-01-04 09:11:11.457340,Home improvement,New credit,5,0.0,0 days,,,,,,,,
,User_88,A_Create Application,Application,225,start,2016-01-04 09:24:41.520748,Motorcycle,New credit,6,1.218755656696404e+29,0 days,,,,,,,,
,User_88,A_Create Application,Application,227,complete,2016-01-04 09:24:42.520748,Motorcycle,New credit,6,1.218755656696404e+29,0 days,,,,,,,,
,User_89,W_Handle leads,Application,228,start,2016-01-04 09:24:42.520748,Motorcycle,New credit,6,1.218755656696404e+29,0 days,,,,,,,,
,User_89,W_Handle leads,Application,229,complete,2016-01-04 09:24:43.520748,Motorcycle,New credit,6,1.218755656696404e+29,0 days,,,,,,,,
,User_9,A_Concept,Application,230,start,2016-01-04 09:24:43.520748,Motorcycle,New credit,6,1.218755656696404e+29,0 days,,,,,,,,
,User_9,A_Concept,Application,231,complete,2016-01-04 09:24:44.520748,Motorcycle,New credit,6,1.218755656696404e+29,0 days,,,,,,,,
,User_90,A_Accepted,Application,232,start,2016-01-04 09:24:44.520748,Motorcycle,New credit,6,1.218755656696404e+29,0 days,,,,,,,,
,User_90,A_Accepted,Application,233,complete,2016-01-04 09:24:45.520748,Motorcycle,New credit,6,1.218755656696404e+29,0 days,,,,,,,,
,User_91,W_Complete application,Application,234,start,2016-01-04 09:24:45.520748,Motorcycle,New credit,6,1.218755656696404e+29,0 days,,,,,,,,
,User_91,W_Complete application,Application,235,complete,2016-01-04 09:24:46.520748,Motorcycle,New credit,6,1.218755656696404e+29,0 days,,,,,,,,
,User_93,O_Sent (mail and online),Application,236,start,2016-01-04 09:24:46.520748,Motorcycle,New credit,6,1.218755656696404e+29,0 days,,,,,,,,
,User_93,O_Sent (mail and online),Application,237,complete,2016-01-04 09:24:47.520748,Motorcycle,New credit,6,1.218755656696404e+29,0 days,,,,,,,,
,User_94,A_Complete,Application,238,start,2016-01-04 09:24:47.520748,Motorcycle,New credit,6,1.218755656696404e+29,0 days,,,,,,,,
,User_94,A_Complete,Application,239,complete,2016-01-04 09:24:48.520748,Motorcycle,New credit,6,1.218755656696404e+29,0 days,,,,,,,,
,User_95,W_Complete application,Application,240,start,2016-01-04 09:24:48.520748,Motorcycle,New credit,6,1.218755656696404e+29,0 days,,,,,,,,
,User_95,W_Complete application,Application,241,complete,2016-01-04 09:24:49.520748,Motorcycle,New credit,6,1.218755656696404e+29,0 days,,,,,,,,
,User_96,O_Sent (mail and online),Application,242,start,2016-01-04 09:24:49.520748,Motorcycle,New credit,6,1.218755656696404e+29,0 days,,,,,,,,
,User_96,O_Sent (mail and online),Application,243,complete,2016-01-04 09:24:50.520748,Motorcycle,New credit,6,1.218755656696404e+29,0 days,,,,,,,,
,User_98,A_Complete,Application,244,start,2016-01-04 09:24:50.520748,Motorcycle,New credit,6,1.218755656696404e+29,0 days,,,,,,,,
,User_98,A_Complete,Application,245,complete,2016-01-04 09:24:51.520748,Motorcycle,New credit,6,1.218755656696404e+29,0 days,,,,,,,,
,User_99,O_Create Offer,Application,246,start,2016-01-04 09:24:51.520748,Motorcycle,New credit,6,1.218755656696404e+29,0 days,,,,,,,,
,User_99,O_Create Offer,Application,247,complete,2016-01-04 09:24:52.520748,Motorcycle,New credit,6,1.218755656696404e+29,0 days,,,,,,,,
,User_10,O_Created,Application,248,start,2016-01-04 09:24:52.520748,Motorcycle,New credit,6,1.218755656696404e+29,0 days,,,,,,,,
,User_100,A_Create Application,Application,250,start,2016-01-04 09:24:52.565062,Unknown,Limit raise,7,-0.0,0 days,,,,,,,,
,User_10,O_Created,Application,249,complete,2016-01-04 09:24:53.520748,Motorcycle,New credit,6,1.218755656696404e+29,0 days,,,,,,,,
,User_102,O_Sent (mail and online),Application,253,start,2016-01-04 09:24:53.520748,Motorcycle,New credit,6,1.218755656696404e+29,0 days,,,,,,,,
,User_100,A_Create Application,Application,252,complete,2016-01-04 09:24:53.565062,Unknown,Limit raise,7,-0.0,0 days,,,,,,,,
,User_104,W_Handle leads,Application,255,start,2016-01-04 09:24:53.565062,Unknown,Limit raise,7,-0.0,0 days,,,,,,,,
,User_102,O_Sent (mail and online),Application,254,complete,2016-01-04 09:24:54.520748,Motorcycle,New credit,6,1.218755656696404e+29,0 days,,,,,,,,
,User_106,O_Sent (mail and online),Application,257,start,2016-01-04 09:24:54.520748,Motorcycle,New credit,6,1.218755656696404e+29,0 days,,,,,,,,
,User_104,W_Handle leads,Application,256,complete,2016-01-04 09:24:54.565062,Unknown,Limit raise,7,-0.0,0 days,,,,,,,,
,User_101,A_Concept,Application,259,start,2016-01-04 09:24:54.565062,Unknown,Limit raise,7,-0.0,0 days,,,,,,,,
,User_106,O_Sent (mail and online),Application,258,complete,2016-01-04 09:24:55.520748,Motorcycle,New credit,6,1.218755656696404e+29,0 days,,,,,,,,
,User_107,O_Sent (mail and online),Application,261,start,2016-01-04 09:24:55.520748,Motorcycle,New credit,6,1.218755656696404e+29,0 days,,,,,,,,
,User_101,A_Concept,Application,260,complete,2016-01-04 09:24:55.565062,Unknown,Limit raise,7,-0.0,0 days,,,,,,,,
,User_109,A_Accepted,Application,263,start,2016-01-04 09:24:55.565062,Unknown,Limit raise,7,-0.0,0 days,,,,,,,,
,User_107,O_Sent (mail and online),Application,262,complete,2016-01-04 09:24:56.520748,Motorcycle,New credit,6,1.218755656696404e+29,0 days,,,,,,,,
,User_11,O_Sent (mail and online),Application,265,start,2016-01-04 09:24:56.520748,Motorcycle,New credit,6,1.218755656696404e+29,0 days,,,,,,,,
,User_109,A_Accepted,Application,264,complete,2016-01-04 09:24:56.565062,Unknown,Limit raise,7,-0.0,0 days,,,,,,,,
,User_112,O_Create Offer,Application,267,start,2016-01-04 09:24:56.565062,Unknown,Limit raise,7,-0.0,0 days,,,,,,,,
,User_11,O_Sent (mail and online),Application,266,complete,2016-01-04 09:24:57.520748,Motorcycle,New credit,6,1.218755656696404e+29,0 days,,,,,,,,
,User_113,O_Sent (mail and online),Application,269,start,2016-01-04 09:24:57.520748,Motorcycle,New credit,6,1.218755656696404e+29,0 days,,,,,,,,
,User_112,O_Create Offer,Application,268,complete,2016-01-04 09:24:57.565062,Unknown,Limit raise,7,-0.0,0 days,,,,,,,,
,User_115,O_Created,Application,271,start,2016-01-04 09:24:57.565062,Unknown,Limit raise,7,-0.0,0 days,,,,,,,,
,User_113,O_Sent (mail and online),Application,270,complete,2016-01-04 09:24:58.520748,Motorcycle,New credit,6,1.218755656696404e+29,0 days,,,,,,,,
,User_116,A_Complete,Application,273,start,2016-01-04 09:24:58.520748,Motorcycle,New credit,6,1.218755656696404e+29,0 days,,,,,,,,
,User_115,O_Created,Application,272,complete,2016-01-04 09:24:58.565062,Unknown,Limit raise,7,-0.0,0 days,,,,,,,,
,User_117,O_Sent (mail and online),Application,275,start,2016-01-04 09:24:58.565062,Unknown,Limit raise,7,-0.0,0 days,,,,,,,,
,User_116,A_Complete,Application,274,complete,2016-01-04 09:24:59.520748,Motorcycle,New credit,6,1.218755656696404e+29,0 days,,,,,,,,
,User_118,O_Returned,Application,277,start,2016-01-04 09:24:59.520748,Motorcycle,New credit,6,1.218755656696404e+29,0 days,,,,,,,,
,User_117,O_Sent (mail and online),Application,276,complete,2016-01-04 09:24:59.565062,Unknown,Limit raise,7,-0.0,0 days,,,,,,,,
,User_119,O_Sent (mail and online),Application,279,start,2016-01-04 09:24:59.565062,Unknown,Limit raise,7,-0.0,0 days,,,,,,,,
,User_118,O_Returned,Application,278,complete,2016-01-04 09:25:00.520748,Motorcycle,New credit,6,1.218755656696404e+29,0 days,,,,,,,,
,User_12,A_Validating,Application,281,start,2016-01-04 09:25:00.520748,Motorcycle,New credit,6,1.218755656696404e+29,0 days,,,,,,,,
,User_119,O_Sent (mail and online),Application,280,complete,2016-01-04 09:25:00.565062,Unknown,Limit raise,7,-0.0,0 days,,,,,,,,
,User_120,A_Complete,Application,283,start,2016-01-04 09:25:00.565062,Unknown,Limit raise,7,-0.0,0 days,,,,,,,,
,User_12,A_Validating,Application,282,complete,2016-01-04 09:25:01.520748,Motorcycle,New credit,6,1.218755656696404e+29,0 days,,,,,,,,
,User_121,A_Denied,Application,285,start,2016-01-04 09:25:01.520748,Motorcycle,New credit,6,1.218755656696404e+29,0 days,,,,,,,,
,User_120,A_Complete,Application,284,complete,2016-01-04 09:25:01.565062,Unknown,Limit raise,7,-0.0,0 days,,,,,,,,
,User_122,O_Create Offer,Application,287,start,2016-01-04 09:25:01.565062,Unknown,Limit raise,7,-0.0,0 days,,,,,,,,
,User_121,A_Denied,Application,286,complete,2016-01-04 09:25:02.520748,Motorcycle,New credit,6,1.218755656696404e+29,0 days,,,,,,,,
,User_123,O_Refused,Application,289,start,2016-01-04 09:25:02.520748,Motorcycle,New credit,6,1.218755656696404e+29,0 days,,,,,,,,
,User_122,O_Create Offer,Application,288,complete,2016-01-04 09:25:02.565062,Unknown,Limit raise,7,-0.0,0 days,,,,,,,,
,User_124,O_Created,Application,291,start,2016-01-04 09:25:02.565062,Unknown,Limit raise,7,-0.0,0 days,,,,,,,,
,User_123,O_Refused,Application,290,complete,2016-01-04 09:25:03.520748,Motorcycle,New credit,6,1.218755656696404e+29,0 days,,,,,,,,
,User_124,O_Created,Application,292,complete,2016-01-04 09:25:03.565062,Unknown,Limit raise,7,-0.0,0 days,,,,,,,,
,User_125,O_Sent (mail and online),Application,293,start,2016-01-04 09:25:03.565062,Unknown,Limit raise,7,-0.0,0 days,,,,,,,,
,User_125,O_Sent (mail and online),Application,294,complete,2016-01-04 09:25:04.565062,Unknown,Limit raise,7,-0.0,0 days,,,,,,,,
,User_126,A_Complete,Application,295,start,2016-01-04 09:25:04.565062,Unknown,Limit raise,7,-0.0,0 days,,,,,,,,
,User_126,A_Complete,Application,296,complete,2016-01-04 09:25:05.565062,Unknown,Limit raise,7,-0.0,0 days,,,,,,,,
,User_127,O_Create Offer,Application,297,start,2016-01-04 09:25:05.565062,Unknown,Limit raise,7,-0.0,0 days,,,,,,,,
,User_127,O_Create Offer,Application,298,complete,2016-01-04 09:25:06.565062,Unknown,Limit raise,7,-0.0,0 days,,,,,,,,
,User_129,O_Created,Application,299,start,2016-01-04 09:25:06.565062,Unknown,Limit raise,7,-0.0,0 days,,,,,,,,
,User_129,O_Created,Application,300,complete,2016-01-04 09:25:07.565062,Unknown,Limit raise,7,-0.0,0 days,,,,,,,,
,User_13,O_Sent (mail and online),Application,301,start,2016-01-04 09:25:07.565062,Unknown,Limit raise,7,-0.0,0 days,,,,,,,,
,User_13,O_Sent (mail and online),Application,302,complete,2016-01-04 09:25:08.565062,Unknown,Limit raise,7,-0.0,0 days,,,,,,,,
,User_130,A_Complete,Application,303,start,2016-01-04 09:25:08.565062,Unknown,Limit raise,7,-0.0,0 days,,,,,,,,
,User_130,A_Complete,Application,304,complete,2016-01-04 09:25:09.565062,Unknown,Limit raise,7,-0.0,0 days,,,,,,,,
,User_131,W_Complete application,Application,305,start,2016-01-04 09:25:09.565062,Unknown,Limit raise,7,-0.0,0 days,,,,,,,,
,User_131,W_Complete application,Application,306,complete,2016-01-04 09:25:10.565062,Unknown,Limit raise,7,-0.0,0 days,,,,,,,,
,User_132,O_Sent (mail and online),Application,307,start,2016-01-04 09:25:10.565062,Unknown,Limit raise,7,-0.0,0 days,,,,,,,,
,User_132,O_Sent (mail and online),Application,308,complete,2016-01-04 09:25:11.565062,Unknown,Limit raise,7,-0.0,0 days,,,,,,,,
,User_134,O_Sent (mail and online),Application,309,start,2016-01-04 09:25:11.565062,Unknown,Limit raise,7,-0.0,0 days,,,,,,,,
,User_134,O_Sent (mail and online),Application,310,complete,2016-01-04 09:25:12.565062,Unknown,Limit raise,7,-0.0,0 days,,,,,,,,
,User_137,O_Sent (mail and online),Application,311,start,2016-01-04 09:25:12.565062,Unknown,Limit raise,7,-0.0,0 days,,,,,,,,
,User_137,O_Sent (mail and online),Application,312,complete,2016-01-04 09:25:13.565062,Unknown,Limit raise,7,-0.0,0 days,,,,,,,,
,User_138,O_Sent (mail and online),Application,313,start,2016-01-04 09:25:13.565062,Unknown,Limit raise,7,-0.0,0 days,,,,,,,,
,User_138,O_Sent (mail and online),Application,314,complete,2016-01-04 09:25:14.565062,Unknown,Limit raise,7,-0.0,0 days,,,,,,,,
,User_139,O_Sent (mail and online),Application,315,start,2016-01-04 09:25:14.565062,Unknown,Limit raise,7,-0.0,0 days,,,,,,,,
,User_139,O_Sent (mail and online),Application,316,complete,2016-01-04 09:25:15.565062,Unknown,Limit raise,7,-0.0,0 days,,,,,,,,
,User_14,A_Complete,Application,317,start,2016-01-04 09:25:15.565062,Unknown,Limit raise,7,-0.0,0 days,,,,,,,,
,User_14,A_Complete,Application,318,complete,2016-01-04 09:25:16.565062,Unknown,Limit raise,7,-0.0,0 days,,,,,,,,
,User_143,W_Complete application,Application,319,start,2016-01-04 09:25:16.565062,Unknown,Limit raise,7,-0.0,0 days,,,,,,,,
,User_143,W_Complete application,Application,320,complete,2016-01-04 09:25:17.565062,Unknown,Limit raise,7,-0.0,0 days,,,,,,,,
,User_144,O_Sent (mail and online),Application,321,start,2016-01-04 09:25:17.565062,Unknown,Limit raise,7,-0.0,0 days,,,,,,,,
,User_144,O_Sent (mail and online),Application,322,complete,2016-01-04 09:25:18.565062,Unknown,Limit raise,7,-0.0,0 days,,,,,,,,
,User_15,A_Complete,Application,323,start,2016-01-04 09:25:18.565062,Unknown,Limit raise,7,-0.0,0 days,,,,,,,,
,User_15,A_Complete,Application,324,complete,2016-01-04 09:25:19.565062,Unknown,Limit raise,7,-0.0,0 days,,,,,,,,
,User_133,O_Create Offer,Application,325,start,2016-01-04 09:25:19.565062,Unknown,Limit raise,7,-0.0,0 days,,,,,,,,
,User_133,O_Create Offer,Application,326,complete,2016-01-04 09:25:20.565062,Unknown,Limit raise,7,-0.0,0 days,,,,,,,,
,User_16,O_Created,Application,327,start,2016-01-04 09:25:20.565062,Unknown,Limit raise,7,-0.0,0 days,,,,,,,,
,User_16,O_Created,Application,328,complete,2016-01-04 09:25:21.565062,Unknown,Limit raise,7,-0.0,0 days,,,,,,,,
,User_18,O_Sent (mail and online),Application,329,start,2016-01-04 09:25:21.565062,Unknown,Limit raise,7,-0.0,0 days,,,,,,,,
,User_18,O_Sent (mail and online),Application,330,complete,2016-01-04 09:25:22.565062,Unknown,Limit raise,7,-0.0,0 days,,,,,,,,
,User_19,O_Sent (mail and online),Application,331,start,2016-01-04 09:25:22.565062,Unknown,Limit raise,7,-0.0,0 days,,,,,,,,
,User_19,O_Sent (mail and online),Application,332,complete,2016-01-04 09:25:23.565062,Unknown,Limit raise,7,-0.0,0 days,,,,,,,,
,User_2,A_Complete,Application,333,start,2016-01-04 09:25:23.565062,Unknown,Limit raise,7,-0.0,0 days,,,,,,,,
,User_2,A_Complete,Application,334,complete,2016-01-04 09:25:24.565062,Unknown,Limit raise,7,-0.0,0 days,,,,,,,,
,User_146,W_Complete application,Application,335,start,2016-01-04 09:25:24.565062,Unknown,Limit raise,7,-0.0,0 days,,,,,,,,
,User_146,W_Complete application,Application,336,complete,2016-01-04 09:25:25.565062,Unknown,Limit raise,7,-0.0,0 days,,,,,,,,
,User_20,O_Sent (mail and online),Application,337,start,2016-01-04 09:25:25.565062,Unknown,Limit raise,7,-0.0,0 days,,,,,,,,
,User_20,O_Sent (mail and online),Application,338,complete,2016-01-04 09:25:26.565062,Unknown,Limit raise,7,-0.0,0 days,,,,,,,,
,User_21,O_Sent (mail and online),Application,339,start,2016-01-04 09:25:26.565062,Unknown,Limit raise,7,-0.0,0 days,,,,,,,,
,User_21,O_Sent (mail and online),Application,340,complete,2016-01-04 09:25:27.565062,Unknown,Limit raise,7,-0.0,0 days,,,,,,,,
,User_22,A_Complete,Application,341,start,2016-01-04 09:25:27.565062,Unknown,Limit raise,7,-0.0,0 days,,,,,,,,
,User_22,A_Complete,Application,342,complete,2016-01-04 09:25:28.565062,Unknown,Limit raise,7,-0.0,0 days,,,,,,,,
,User_23,W_Complete application,Application,343,start,2016-01-04 09:25:28.565062,Unknown,Limit raise,7,-0.0,0 days,,,,,,,,
,User_23,W_Complete application,Application,344,complete,2016-01-04 09:25:29.565062,Unknown,Limit raise,7,-0.0,0 days,,,,,,,,
,User_25,O_Sent (mail and online),Application,345,start,2016-01-04 09:25:29.565062,Unknown,Limit raise,7,-0.0,0 days,,,,,,,,
,User_25,O_Sent (mail and online),Application,346,complete,2016-01-04 09:25:30.565062,Unknown,Limit raise,7,-0.0,0 days,,,,,,,,
,User_26,O_Sent (mail and online),Application,347,start,2016-01-04 09:25:30.565062,Unknown,Limit raise,7,-0.0,0 days,,,,,,,,
,User_26,O_Sent (mail and online),Application,348,complete,2016-01-04 09:25:31.565062,Unknown,Limit raise,7,-0.0,0 days,,,,,,,,
,User_27,O_Sent (mail and online),Application,349,start,2016-01-04 09:25:31.565062,Unknown,Limit raise,7,-0.0,0 days,,,,,,,,
,User_27,O_Sent (mail and online),Application,350,complete,2016-01-04 09:25:32.565062,Unknown,Limit raise,7,-0.0,0 days,,,,,,,,
,User_28,O_Sent (mail and online),Application,351,start,2016-01-04 09:25:32.565062,Unknown,Limit raise,7,-0.0,0 days,,,,,,,,
,User_28,O_Sent (mail and online),Application,352,complete,2016-01-04 09:25:33.565062,Unknown,Limit raise,7,-0.0,0 days,,,,,,,,
,User_29,O_Sent (mail and online),Application,353,start,2016-01-04 09:25:33.565062,Unknown,Limit raise,7,-0.0,0 days,,,,,,,,
,User_29,O_Sent (mail and online),Application,354,complete,2016-01-04 09:25:34.565062,Unknown,Limit raise,7,-0.0,0 days,,,,,,,,
,User_3,A_Complete,Application,355,start,2016-01-04 09:25:34.565062,Unknown,Limit raise,7,-0.0,0 days,,,,,,,,
,User_3,A_Complete,Application,356,complete,2016-01-04 09:25:35.565062,Unknown,Limit raise,7,-0.0,0 days,,,,,,,,
,User_30,O_Returned,Application,357,start,2016-01-04 09:25:35.565062,Unknown,Limit raise,7,-0.0,0 days,,,,,,,,
,User_30,O_Returned,Application,358,complete,2016-01-04 09:25:36.565062,Unknown,Limit raise,7,-0.0,0 days,,,,,,,,
,User_31,A_Validating,Application,359,start,2016-01-04 09:25:36.565062,Unknown,Limit raise,7,-0.0,0 days,,,,,,,,
,User_31,A_Validating,Application,360,complete,2016-01-04 09:25:37.565062,Unknown,Limit raise,7,-0.0,0 days,,,,,,,,
,User_32,A_Incomplete,Application,361,start,2016-01-04 09:25:37.565062,Unknown,Limit raise,7,-0.0,0 days,,,,,,,,
,User_32,A_Incomplete,Application,362,complete,2016-01-04 09:25:38.565062,Unknown,Limit raise,7,-0.0,0 days,,,,,,,,
,User_33,W_Call incomplete files,Application,363,start,2016-01-04 09:25:38.565062,Unknown,Limit raise,7,-0.0,0 days,,,,,,,,
,User_33,W_Call incomplete files,Application,364,complete,2016-01-04 09:25:39.565062,Unknown,Limit raise,7,-0.0,0 days,,,,,,,,
,User_34,W_Validate application,Application,365,start,2016-01-04 09:25:39.565062,Unknown,Limit raise,7,-0.0,0 days,,,,,,,,
,User_34,W_Validate application,Application,366,complete,2016-01-04 09:25:40.565062,Unknown,Limit raise,7,-0.0,0 days,,,,,,,,
,User_35,A_Cancelled,Application,367,start,2016-01-04 09:25:40.565062,Unknown,Limit raise,7,-0.0,0 days,,,,,,,,
,User_35,A_Cancelled,Application,368,complete,2016-01-04 09:25:41.565062,Unknown,Limit raise,7,-0.0,0 days,,,,,,,,
,User_36,O_Cancelled,Application,369,start,2016-01-04 09:25:41.565062,Unknown,Limit raise,7,-0.0,0 days,,,,,,,,
,User_36,O_Cancelled,Application,370,complete,2016-01-04 09:25:42.565062,Unknown,Limit raise,7,-0.0,0 days,,,,,,,,
,User_37,A_Create Application,Application,371,start,2016-01-04 09:30:17.896402,Existing loan takeover,Limit raise,8,1.5208363283625071e+137,0 days,,,,,,,,
,User_37,A_Create Application,Application,373,complete,2016-01-04 09:30:18.896402,Existing loan takeover,Limit raise,8,1.5208363283625071e+137,0 days,,,,,,,,
,User_38,A_Concept,Application,374,start,2016-01-04 09:30:18.896402,Existing loan takeover,Limit raise,8,1.5208363283625071e+137,0 days,,,,,,,,
,User_38,A_Concept,Application,375,complete,2016-01-04 09:30:19.896402,Existing loan takeover,Limit raise,8,1.5208363283625071e+137,0 days,,,,,,,,
,User_39,A_Accepted,Application,376,start,2016-01-04 09:30:19.896402,Existing loan takeover,Limit raise,8,1.5208363283625071e+137,0 days,,,,,,,,
,User_39,A_Accepted,Application,377,complete,2016-01-04 09:30:20.896402,Existing loan takeover,Limit raise,8,1.5208363283625071e+137,0 days,,,,,,,,
,User_4,O_Create Offer,Application,378,start,2016-01-04 09:30:20.896402,Existing loan takeover,Limit raise,8,1.5208363283625071e+137,0 days,,,,,,,,
,User_4,O_Create Offer,Application,379,complete,2016-01-04 09:30:21.896402,Existing loan takeover,Limit raise,8,1.5208363283625071e+137,0 days,,,,,,,,
,User_40,O_Created,Application,380,start,2016-01-04 09:30:21.896402,Existing loan takeover,Limit raise,8,1.5208363283625071e+137,0 days,,,,,,,,
,User_40,O_Created,Application,381,complete,2016-01-04 09:30:22.896402,Existing loan takeover,Limit raise,8,1.5208363283625071e+137,0 days,,,,,,,,
,User_41,O_Sent (mail and online),Application,382,start,2016-01-04 09:30:22.896402,Existing loan takeover,Limit raise,8,1.5208363283625071e+137,0 days,,,,,,,,
,User_41,O_Sent (mail and online),Application,383,complete,2016-01-04 09:30:23.896402,Existing loan takeover,Limit raise,8,1.5208363283625071e+137,0 days,,,,,,,,
,User_42,A_Complete,Application,384,start,2016-01-04 09:30:23.896402,Existing loan takeover,Limit raise,8,1.5208363283625071e+137,0 days,,,,,,,,
,User_42,A_Complete,Application,385,complete,2016-01-04 09:30:24.896402,Existing loan takeover,Limit raise,8,1.5208363283625071e+137,0 days,,,,,,,,
,User_45,A_Cancelled,Application,386,start,2016-01-04 09:30:24.896402,Existing loan takeover,Limit raise,8,1.5208363283625071e+137,0 days,,,,,,,,
,User_45,A_Cancelled,Application,387,complete,2016-01-04 09:30:25.896402,Existing loan takeover,Limit raise,8,1.5208363283625071e+137,0 days,,,,,,,,
,User_46,O_Cancelled,Application,388,start,2016-01-04 09:30:25.896402,Existing loan takeover,Limit raise,8,1.5208363283625071e+137,0 days,,,,,,,,
,User_46,O_Cancelled,Application,389,complete,2016-01-04 09:30:26.896402,Existing loan takeover,Limit raise,8,1.5208363283625071e+137,0 days,,,,,,,,
,User_47,A_Create Application,Application,390,start,2016-01-04 09:31:18.059460,"Other, see explanation",New credit,9,3.42038635313198e+25,0 days,,,,,,,,
,User_47,A_Create Application,Application,392,complete,2016-01-04 09:31:19.059460,"Other, see explanation",New credit,9,3.42038635313198e+25,0 days,,,,,,,,
,User_48,W_Handle leads,Application,393,start,2016-01-04 09:31:19.059460,"Other, see explanation",New credit,9,3.42038635313198e+25,0 days,,,,,,,,
,User_48,W_Handle leads,Application,394,complete,2016-01-04 09:31:20.059460,"Other, see explanation",New credit,9,3.42038635313198e+25,0 days,,,,,,,,
,User_49,A_Concept,Application,395,start,2016-01-04 09:31:20.059460,"Other, see explanation",New credit,9,3.42038635313198e+25,0 days,,,,,,,,
,User_49,A_Concept,Application,396,complete,2016-01-04 09:31:21.059460,"Other, see explanation",New credit,9,3.42038635313198e+25,0 days,,,,,,,,
,User_51,A_Accepted,Application,397,start,2016-01-04 09:31:21.059460,"Other, see explanation",New credit,9,3.42038635313198e+25,0 days,,,,,,,,
,User_51,A_Accepted,Application,398,complete,2016-01-04 09:31:22.059460,"Other, see explanation",New credit,9,3.42038635313198e+25,0 days,,,,,,,,
,User_53,W_Complete application,Application,399,start,2016-01-04 09:31:22.059460,"Other, see explanation",New credit,9,3.42038635313198e+25,0 days,,,,,,,,
,User_53,W_Complete application,Application,400,complete,2016-01-04 09:31:23.059460,"Other, see explanation",New credit,9,3.42038635313198e+25,0 days,,,,,,,,
,User_54,O_Sent (mail and online),Application,401,start,2016-01-04 09:31:23.059460,"Other, see explanation",New credit,9,3.42038635313198e+25,0 days,,,,,,,,
,User_54,O_Sent (mail and online),Application,402,complete,2016-01-04 09:31:24.059460,"Other, see explanation",New credit,9,3.42038635313198e+25,0 days,,,,,,,,
,User_55,A_Complete,Application,403,start,2016-01-04 09:31:24.059460,"Other, see explanation",New credit,9,3.42038635313198e+25,0 days,,,,,,,,
,User_55,A_Complete,Application,404,complete,2016-01-04 09:31:25.059460,"Other, see explanation",New credit,9,3.42038635313198e+25,0 days,,,,,,,,
,User_56,A_Cancelled,Application,405,start,2016-01-04 09:31:25.059460,"Other, see explanation",New credit,9,3.42038635313198e+25,0 days,,,,,,,,
,User_56,A_Cancelled,Application,406,complete,2016-01-04 09:31:26.059460,"Other, see explanation",New credit,9,3.42038635313198e+25,0 days,,,,,,,,
,User_57,O_Cancelled,Application,407,start,2016-01-04 09:31:26.059460,"Other, see explanation",New credit,9,3.42038635313198e+25,0 days,,,,,,,,
,User_57,O_Cancelled,Application,408,complete,2016-01-04 09:31:27.059460,"Other, see explanation",New credit,9,3.42038635313198e+25,0 days,,,,,,,,
,User_58,A_Create Application,Application,409,start,2016-01-04 09:54:10.256288,Existing loan takeover,New credit,10,0.0,0 days,,,,,,,,
,User_58,A_Create Application,Application,411,complete,2016-01-04 09:54:11.256288,Existing loan takeover,New credit,10,0.0,0 days,,,,,,,,
,User_59,A_Concept,Application,412,start,2016-01-04 09:54:11.256288,Existing loan takeover,New credit,10,0.0,0 days,,,,,,,,
,User_59,A_Concept,Application,413,complete,2016-01-04 09:54:12.256288,Existing loan takeover,New credit,10,0.0,0 days,,,,,,,,
,User_6,A_Accepted,Application,414,start,2016-01-04 09:54:12.256288,Existing loan takeover,New credit,10,0.0,0 days,,,,,,,,
,User_6,A_Accepted,Application,415,complete,2016-01-04 09:54:13.256288,Existing loan takeover,New credit,10,0.0,0 days,,,,,,,,
,User_60,O_Create Offer,Application,416,start,2016-01-04 09:54:13.256288,Existing loan takeover,New credit,10,0.0,0 days,,,,,,,,
,User_60,O_Create Offer,Application,417,complete,2016-01-04 09:54:14.256288,Existing loan takeover,New credit,10,0.0,0 days,,,,,,,,
,User_61,O_Created,Application,418,start,2016-01-04 09:54:14.256288,Existing loan takeover,New credit,10,0.0,0 days,,,,,,,,
,User_61,O_Created,Application,419,complete,2016-01-04 09:54:15.256288,Existing loan takeover,New credit,10,0.0,0 days,,,,,,,,
,User_63,O_Sent (mail and online),Application,420,start,2016-01-04 09:54:15.256288,Existing loan takeover,New credit,10,0.0,0 days,,,,,,,,
,User_63,O_Sent (mail and online),Application,421,complete,2016-01-04 09:54:16.256288,Existing loan takeover,New credit,10,0.0,0 days,,,,,,,,
,User_64,O_Sent (mail and online),Application,422,start,2016-01-04 09:54:16.256288,Existing loan takeover,New credit,10,0.0,0 days,,,,,,,,
,User_64,O_Sent (mail and online),Application,423,complete,2016-01-04 09:54:17.256288,Existing loan takeover,New credit,10,0.0,0 days,,,,,,,,
,User_66,A_Complete,Application,424,start,2016-01-04 09:54:17.256288,Existing loan takeover,New credit,10,0.0,0 days,,,,,,,,
,User_66,A_Complete,Application,425,complete,2016-01-04 09:54:18.256288,Existing loan takeover,New credit,10,0.0,0 days,,,,,,,,
,User_67,O_Returned,Application,426,start,2016-01-04 09:54:18.256288,Existing loan takeover,New credit,10,0.0,0 days,,,,,,,,
,User_67,O_Returned,Application,427,complete,2016-01-04 09:54:19.256288,Existing loan takeover,New credit,10,0.0,0 days,,,,,,,,
,User_68,A_Validating,Application,428,start,2016-01-04 09:54:19.256288,Existing loan takeover,New credit,10,0.0,0 days,,,,,,,,
,User_68,A_Validating,Application,429,complete,2016-01-04 09:54:20.256288,Existing loan takeover,New credit,10,0.0,0 days,,,,,,,,
,User_69,A_Denied,Application,430,start,2016-01-04 09:54:20.256288,Existing loan takeover,New credit,10,0.0,0 days,,,,,,,,
,User_69,A_Denied,Application,431,complete,2016-01-04 09:54:21.256288,Existing loan takeover,New credit,10,0.0,0 days,,,,,,,,
,User_7,O_Refused,Application,432,start,2016-01-04 09:54:21.256288,Existing loan takeover,New credit,10,0.0,0 days,,,,,,,,
,User_7,O_Refused,Application,433,complete,2016-01-04 09:54:22.256288,Existing loan takeover,New credit,10,0.0,0 days,,,,,,,,
,User_70,A_Create Application,Application,434,start,2016-01-04 09:56:39.811364,Home improvement,New credit,11,3.551408186448804e+32,0 days,,,,,,,,
,User_70,A_Create Application,Application,435,complete,2016-01-04 09:56:40.811364,Home improvement,New credit,11,3.551408186448804e+32,0 days,,,,,,,,
,User_1,A_Submitted,Application,436,start,2016-01-04 09:56:40.811364,Home improvement,New credit,11,3.551408186448804e+32,0 days,,,,,,,,
,User_1,A_Submitted,Application,437,complete,2016-01-04 09:56:41.811364,Home improvement,New credit,11,3.551408186448804e+32,0 days,,,,,,,,
,User_71,A_Concept,Application,438,start,2016-01-04 09:56:41.811364,Home improvement,New credit,11,3.551408186448804e+32,0 days,,,,,,,,
,User_71,A_Concept,Application,439,complete,2016-01-04 09:56:42.811364,Home improvement,New credit,11,3.551408186448804e+32,0 days,,,,,,,,
,User_72,A_Accepted,Application,440,start,2016-01-04 09:56:42.811364,Home improvement,New credit,11,3.551408186448804e+32,0 days,,,,,,,,
,User_72,A_Accepted,Application,441,complete,2016-01-04 09:56:43.811364,Home improvement,New credit,11,3.551408186448804e+32,0 days,,,,,,,,
,User_73,O_Create Offer,Application,442,start,2016-01-04 09:56:43.811364,Home improvement,New credit,11,3.551408186448804e+32,0 days,,,,,,,,
,User_73,O_Create Offer,Application,443,complete,2016-01-04 09:56:44.811364,Home improvement,New credit,11,3.551408186448804e+32,0 days,,,,,,,,
,User_74,O_Created,Application,444,start,2016-01-04 09:56:44.811364,Home improvement,New credit,11,3.551408186448804e+32,0 days,,,,,,,,
,User_74,O_Created,Application,445,complete,2016-01-04 09:56:45.811364,Home improvement,New credit,11,3.551408186448804e+32,0 days,,,,,,,,
,User_75,O_Sent (mail and online),Application,446,start,2016-01-04 09:56:45.811364,Home improvement,New credit,11,3.551408186448804e+32,0 days,,,,,,,,
,User_75,O_Sent (mail and online),Application,447,complete,2016-01-04 09:56:46.811364,Home improvement,New credit,11,3.551408186448804e+32,0 days,,,,,,,,
,User_77,O_Sent (mail and online),Application,448,start,2016-01-04 09:56:46.811364,Home improvement,New credit,11,3.551408186448804e+32,0 days,,,,,,,,
,User_77,O_Sent (mail and online),Application,449,complete,2016-01-04 09:56:47.811364,Home improvement,New credit,11,3.551408186448804e+32,0 days,,,,,,,,
,User_78,O_Sent (mail and online),Application,450,start,2016-01-04 09:56:47.811364,Home improvement,New credit,11,3.551408186448804e+32,0 days,,,,,,,,
,User_78,O_Sent (mail and online),Application,451,complete,2016-01-04 09:56:48.811364,Home improvement,New credit,11,3.551408186448804e+32,0 days,,,,,,,,
,User_79,A_Complete,Application,452,start,2016-01-04 09:56:48.811364,Home improvement,New credit,11,3.551408186448804e+32,0 days,,,,,,,,
,User_79,A_Complete,Application,453,complete,2016-01-04 09:56:49.811364,Home improvement,New credit,11,3.551408186448804e+32,0 days,,,,,,,,
,User_8,O_Create Offer,Application,454,start,2016-01-04 09:56:49.811364,Home improvement,New credit,11,3.551408186448804e+32,0 days,,,,,,,,
,User_8,O_Create Offer,Application,455,complete,2016-01-04 09:56:50.811364,Home improvement,New credit,11,3.551408186448804e+32,0 days,,,,,,,,
,User_80,O_Created,Application,456,start,2016-01-04 09:56:50.811364,Home improvement,New credit,11,3.551408186448804e+32,0 days,,,,,,,,
,User_80,O_Created,Application,457,complete,2016-01-04 09:56:51.811364,Home improvement,New credit,11,3.551408186448804e+32,0 days,,,,,,,,
,User_81,O_Sent (mail and online),Application,458,start,2016-01-04 09:56:51.811364,Home improvement,New credit,11,3.551408186448804e+32,0 days,,,,,,,,
,User_81,O_Sent (mail and online),Application,459,complete,2016-01-04 09:56:52.811364,Home improvement,New credit,11,3.551408186448804e+32,0 days,,,,,,,,
,User_83,A_Complete,Application,460,start,2016-01-04 09:56:52.811364,Home improvement,New credit,11,3.551408186448804e+32,0 days,,,,,,,,
,User_83,A_Complete,Application,461,complete,2016-01-04 09:56:53.811364,Home improvement,New credit,11,3.551408186448804e+32,0 days,,,,,,,,
,User_85,O_Returned,Application,462,start,2016-01-04 09:56:53.811364,Home improvement,New credit,11,3.551408186448804e+32,0 days,,,,,,,,
,User_85,O_Returned,Application,463,complete,2016-01-04 09:56:54.811364,Home improvement,New credit,11,3.551408186448804e+32,0 days,,,,,,,,
,User_86,A_Validating,Application,464,start,2016-01-04 09:56:54.811364,Home improvement,New credit,11,3.551408186448804e+32,0 days,,,,,,,,
,User_86,A_Validating,Application,465,complete,2016-01-04 09:56:55.811364,Home improvement,New credit,11,3.551408186448804e+32,0 days,,,,,,,,
,User_88,O_Accepted,Application,466,start,2016-01-04 09:56:55.811364,Home improvement,New credit,11,3.551408186448804e+32,0 days,,,,,,,,
,User_88,O_Accepted,Application,467,complete,2016-01-04 09:56:56.811364,Home improvement,New credit,11,3.551408186448804e+32,0 days,,,,,,,,
,User_89,A_Pending,Application,468,start,2016-01-04 09:56:56.811364,Home improvement,New credit,11,3.551408186448804e+32,0 days,,,,,,,,
,User_89,A_Pending,Application,469,complete,2016-01-04 09:56:57.811364,Home improvement,New credit,11,3.551408186448804e+32,0 days,,,,,,,,
